2008-Mar-26/08:01:27.055,402797.281,481057.375,586858.625,852208.062,895140.438,647333.812,523363.250,455475.250,2008-Mar-26/08:01:27.055,11.250,33.750,56.250,78.750,101.250,123.750,146.250,168.750
2008-Mar-26/08:03:03.207,369261.656,441526.781,550312.562,828349.250,860542.938,602009.438,527661.250,421815.844,2008-Mar-26/08:03:03.207,11.250,33.750,56.250,78.750,101.250,123.750,146.250,168.750
2008-Mar-26/08:04:39.359,411346.781,485793.375,611497.188,860411.500,889744.250,665610.562,590825.688,451587.375,2008-Mar-26/08:04:39.359,11.250,33.750,56.250,78.750,101.250,123.750,146.250,168.750
2008-Mar-26/08:06:15.511,360516.625,474003.969,627953.688,792368.500,793478.312,654625.875,537224.062,406653.875,2008-Mar-26/08:06:15.511,11.250,33.750,56.250,78.750,101.250,123.750,146.250,168.750
2008-Mar-26/08:07:51.663,373336.844,531767.562,635794.812,927236.438,939441.250,710272.188,583982.188,478843.344,2008-Mar-26/08:07:51.663,11.250,33.750,56.250,78.750,101.250,123.750,146.250,168.750
2008-Mar-26/08:09:27.815,391784.969,438765.094,516811.094,737121.062,742097.312,567209.375,491330.250,475844.219,2008-Mar-26/08:09:27.815,11.250,33.750,56.250,78.750,101.250,123.750,146.250,168.750
2008-Mar-26/08:11:03.967,367005.031,369000.844,411562.094,504293.375,513715.375,433933.281,394045.344,442130.250,2008-Mar-26/08:11:03.967,11.250,33.750,56.250,78.750,101.250,123.750,146.250,168.750
2008-Mar-26/08:12:40.119,368388.625,356946.656,415181.344,481421.406,488747.500,425549.250,408172.469,426427.719,2008-Mar-26/08:12:40.119,11.250,33.750,56.250,78.750,101.250,123.750,146.250,168.750
2008-Mar-26/08:14:16.271,390193.094,365544.375,383678.344,432886.969,439039.219,407159.625,380775.781,436803.906,2008-Mar-26/08:14:16.271,11.250,33.750,56.250,78.750,101.250,123.750,146.250,168.750
2008-Mar-26/08:15:52.423,326404.781,345765.625,403192.125,468585.344,480739.250,427995.406,399814.156,406959.219,2008-Mar-26/08:15:52.423,11.250,33.750,56.250,78.750,101.250,123.750,146.250,168.750
2008-Mar-26/08:17:28.575,363748.125,340656.844,372657.844,422428.031,433759.750,416244.281,390167.281,389356.094,2008-Mar-26/08:17:28.575,11.250,33.750,56.250,78.750,101.250,123.750,146.250,168.750
2008-Mar-26/08:19:04.727,353326.375,324077.156,294765.219,288556.281,316585.344,315381.812,350292.656,406641.094,2008-Mar-26/08:19:04.727,11.250,33.750,56.250,78.750,101.250,123.750,146.250,168.750
2008-Mar-26/08:20:40.879,345536.031,319162.125,276186.844,272592.906,289501.969,304628.000,348037.219,435630.000,2008-Mar-26/08:20:40.879,11.250,33.750,56.250,78.750,101.250,123.750,146.250,168.750
2008-Mar-26/08:22:17.031,425267.406,327510.031,261647.750,229020.766,248632.234,280804.969,397254.594,490488.531,2008-Mar-26/08:22:17.031,11.250,33.750,56.250,78.750,101.250,123.750,146.250,168.750
2008-Mar-26/08:23:53.183,427025.844,344155.156,248534.922,211704.672,228985.625,278513.094,406453.969,485274.156,2008-Mar-26/08:23:53.183,11.250,33.750,56.250,78.750,101.250,123.750,146.250,168.750
2008-Mar-26/08:25:29.335,370150.094,312103.812,253265.922,234133.359,243590.125,271981.500,328952.719,445871.844,2008-Mar-26/08:25:29.335,11.250,33.750,56.250,78.750,101.250,123.750,146.250,168.750
2008-Mar-26/08:27:05.487,324878.000,300553.469,232162.484,238169.375,242657.328,256758.859,315835.719,363793.375,2008-Mar-26/08:27:05.487,11.250,33.750,56.250,78.750,101.250,123.750,146.250,168.750
2008-Mar-26/08:28:41.639,338698.031,272328.875,198930.984,199450.766,218267.438,226049.359,347249.469,395080.156,2008-Mar-26/08:28:41.639,11.250,33.750,56.250,78.750,101.250,123.750,146.250,168.750
2008-Mar-26/08:30:17.791,378040.844,340543.219,241974.359,248327.297,257468.391,272341.312,370722.844,403530.781,2008-Mar-26/08:30:17.791,11.250,33.750,56.250,78.750,101.250,123.750,146.250,168.750
2008-Mar-26/08:31:53.943,463815.375,422716.781,301616.094,313173.625,328631.312,333101.812,448173.125,496637.750,2008-Mar-26/08:31:53.943,11.250,33.750,56.250,78.750,101.250,123.750,146.250,168.750
2008-Mar-26/08:33:30.095,531335.438,469152.781,335146.031,334287.906,335234.312,355156.156,469750.250,538566.688,2008-Mar-26/08:33:30.095,11.250,33.750,56.250,78.750,101.250,123.750,146.250,168.750
2008-Mar-26/08:35:06.247,555576.812,496570.906,345244.125,354939.281,355882.125,382048.000,500652.625,579322.312,2008-Mar-26/08:35:06.247,11.250,33.750,56.250,78.750,101.250,123.750,146.250,168.750
2008-Mar-26/08:36:42.399,535555.312,476172.219,377164.375,404984.969,411949.719,398806.469,529569.375,582217.188,2008-Mar-26/08:36:42.399,11.250,33.750,56.250,78.750,101.250,123.750,146.250,168.750
2008-Mar-26/08:38:18.551,550928.000,459709.750,355432.656,373249.375,389755.844,388143.500,532357.688,612998.125,2008-Mar-26/08:38:18.551,11.250,33.750,56.250,78.750,101.250,123.750,146.250,168.750
2008-Mar-26/08:39:54.703,468469.844,429158.406,338155.156,347119.906,379397.719,369169.281,470191.000,530876.438,2008-Mar-26/08:39:54.703,11.250,33.750,56.250,78.750,101.250,123.750,146.250,168.750
2008-Mar-26/08:41:30.855,563609.562,476943.000,324606.469,327751.281,345658.906,365006.625,476657.656,576331.688,2008-Mar-26/08:41:30.855,11.250,33.750,56.250,78.750,101.250,123.750,146.250,168.750
2008-Mar-26/08:43:07.007,498850.969,372345.906,249670.750,238397.500,252189.984,272690.875,396874.375,520429.906,2008-Mar-26/08:43:07.007,11.250,33.750,56.250,78.750,101.250,123.750,146.250,168.750
2008-Mar-26/08:44:43.160,408575.844,348738.656,261645.938,265637.250,278517.031,286825.219,380376.719,420346.906,2008-Mar-26/08:44:43.160,11.250,33.750,56.250,78.750,101.250,123.750,146.250,168.750
2008-Mar-26/08:46:19.312,469683.719,395501.125,280544.562,294351.250,312953.469,302923.344,393966.156,466452.000,2008-Mar-26/08:46:19.312,11.250,33.750,56.250,78.750,101.250,123.750,146.250,168.750
2008-Mar-26/08:47:55.464,608084.562,464085.719,286223.562,283640.938,285264.469,305486.406,464925.250,617288.000,2008-Mar-26/08:47:55.464,11.250,33.750,56.250,78.750,101.250,123.750,146.250,168.750
2008-Mar-26/08:49:31.616,528261.750,389746.656,245109.484,235671.562,248908.297,266210.844,407763.469,539969.875,2008-Mar-26/08:49:31.616,11.250,33.750,56.250,78.750,101.250,123.750,146.250,168.750
2008-Mar-26/08:51:07.768,329190.344,216107.500,110248.227,85415.867,92109.930,126841.852,214235.828,304525.750,2008-Mar-26/08:51:07.768,11.250,33.750,56.250,78.750,101.250,123.750,146.250,168.750
2008-Mar-26/08:52:43.920,184886.203,137615.062,86020.023,85936.969,89612.445,92891.219,134033.578,232194.312,2008-Mar-26/08:52:43.920,11.250,33.750,56.250,78.750,101.250,123.750,146.250,168.750
2008-Mar-26/08:54:20.072,317108.969,233550.141,153264.766,138922.828,149467.812,169882.688,296577.219,371540.781,2008-Mar-26/08:54:20.072,11.250,33.750,56.250,78.750,101.250,123.750,146.250,168.750
2008-Mar-26/08:55:56.224,231608.062,197948.609,143530.672,136354.156,142451.016,153840.016,204065.750,271154.281,2008-Mar-26/08:55:56.224,11.250,33.750,56.250,78.750,101.250,123.750,146.250,168.750
2008-Mar-26/08:57:32.376,412499.844,254106.703,189178.891,165732.047,179481.828,194516.297,296508.438,407476.750,2008-Mar-26/08:57:32.376,11.250,33.750,56.250,78.750,101.250,123.750,146.250,168.750
2008-Mar-26/08:59:08.528,389783.875,314856.156,155729.094,129638.375,146308.797,175748.234,318516.875,420254.531,2008-Mar-26/08:59:08.528,11.250,33.750,56.250,78.750,101.250,123.750,146.250,168.750
2008-Mar-26/09:00:44.680,408406.000,382329.719,284093.656,256874.016,275531.219,303351.281,397427.031,491976.469,2008-Mar-26/09:00:44.680,11.250,33.750,56.250,78.750,101.250,123.750,146.250,168.750
2008-Mar-26/09:02:20.832,364414.969,348768.344,249809.422,229808.484,237087.484,267199.844,374334.719,415797.969,2008-Mar-26/09:02:20.832,11.250,33.750,56.250,78.750,101.250,123.750,146.250,168.750
2008-Mar-26/09:03:56.984,411175.156,391472.594,311461.875,304607.125,327989.531,342173.844,473227.281,519588.375,2008-Mar-26/09:03:56.984,11.250,33.750,56.250,78.750,101.250,123.750,146.250,168.750
2008-Mar-26/09:05:33.136,471721.969,414621.875,313547.812,312423.906,320431.281,338241.344,469612.375,575252.625,2008-Mar-26/09:05:33.136,11.250,33.750,56.250,78.750,101.250,123.750,146.250,168.750
2008-Mar-26/09:07:09.288,433666.125,370998.781,279154.094,289127.281,308067.344,305858.594,439799.781,544932.562,2008-Mar-26/09:07:09.288,11.250,33.750,56.250,78.750,101.250,123.750,146.250,168.750
2008-Mar-26/09:08:45.440,476188.250,435435.875,305028.312,356257.594,370109.844,328410.656,416977.219,537914.125,2008-Mar-26/09:08:45.440,11.250,33.750,56.250,78.750,101.250,123.750,146.250,168.750
2008-Mar-26/09:10:21.592,455808.750,422736.125,240154.984,236042.609,256706.984,267226.062,454513.281,537389.812,2008-Mar-26/09:10:21.592,11.250,33.750,56.250,78.750,101.250,123.750,146.250,168.750
2008-Mar-26/09:11:57.744,498840.469,412123.844,232193.484,210459.266,223242.234,243172.250,448260.656,527023.312,2008-Mar-26/09:11:57.744,11.250,33.750,56.250,78.750,101.250,123.750,146.250,168.750
2008-Mar-26/09:13:33.896,554819.875,426112.281,227004.312,197331.688,209949.641,245120.672,430228.469,609151.250,2008-Mar-26/09:13:33.896,11.250,33.750,56.250,78.750,101.250,123.750,146.250,168.750
2008-Mar-26/09:15:10.048,498402.125,388897.500,211890.891,225455.984,238258.938,254316.000,436535.750,553271.062,2008-Mar-26/09:15:10.048,11.250,33.750,56.250,78.750,101.250,123.750,146.250,168.750
2008-Mar-26/09:16:46.200,573640.688,435168.531,225966.234,206507.859,222785.109,247242.438,487226.406,576599.312,2008-Mar-26/09:16:46.200,11.250,33.750,56.250,78.750,101.250,123.750,146.250,168.750
2008-Mar-26/09:18:22.352,537940.000,382686.750,251178.688,218716.266,217712.797,249118.828,424238.875,515523.781,2008-Mar-26/09:18:22.352,11.250,33.750,56.250,78.750,101.250,123.750,146.250,168.750
2008-Mar-26/09:19:58.505,533914.938,352385.844,241184.953,183013.500,186066.359,249514.484,381912.094,483341.156,2008-Mar-26/09:19:58.505,11.250,33.750,56.250,78.750,101.250,123.750,146.250,168.750
2008-Mar-26/09:21:34.657,476288.031,314145.594,193989.703,175123.000,177753.938,224451.203,318905.094,427198.406,2008-Mar-26/09:21:34.657,11.250,33.750,56.250,78.750,101.250,123.750,146.250,168.750
2008-Mar-26/09:23:10.809,429678.250,311997.094,200122.453,159743.219,167056.484,222278.438,327740.219,415779.625,2008-Mar-26/09:23:10.809,11.250,33.750,56.250,78.750,101.250,123.750,146.250,168.750
2008-Mar-26/09:24:46.961,510635.625,324169.719,183158.797,142656.547,146108.234,201808.891,323051.219,463759.906,2008-Mar-26/09:24:46.961,11.250,33.750,56.250,78.750,101.250,123.750,146.250,168.750
2008-Mar-26/09:26:23.113,472481.469,300203.250,164447.547,153455.328,158468.188,202341.578,297967.281,424901.125,2008-Mar-26/09:26:23.113,11.250,33.750,56.250,78.750,101.250,123.750,146.250,168.750
2008-Mar-26/09:27:59.265,421640.406,291600.875,204376.266,143489.688,158365.188,201469.438,307293.844,422736.750,2008-Mar-26/09:27:59.265,11.250,33.750,56.250,78.750,101.250,123.750,146.250,168.750
2008-Mar-26/09:29:35.417,510967.625,280187.500,165623.047,138200.109,139365.297,232778.359,306916.031,443891.750,2008-Mar-26/09:29:35.417,11.250,33.750,56.250,78.750,101.250,123.750,146.250,168.750
2008-Mar-26/09:31:11.569,505081.344,281516.938,187646.078,161263.203,163173.328,241821.734,298470.500,446922.875,2008-Mar-26/09:31:11.569,11.250,33.750,56.250,78.750,101.250,123.750,146.250,168.750
2008-Mar-26/09:32:47.721,472009.906,298963.938,203806.609,179631.891,176340.016,238702.125,315270.188,390066.719,2008-Mar-26/09:32:47.721,11.250,33.750,56.250,78.750,101.250,123.750,146.250,168.750
2008-Mar-26/09:34:23.873,484189.906,343542.000,233617.172,215237.141,226933.234,272503.531,360259.281,531422.125,2008-Mar-26/09:34:23.873,11.250,33.750,56.250,78.750,101.250,123.750,146.250,168.750
2008-Mar-26/09:36:00.025,495897.250,265786.219,174035.438,157115.578,155466.938,200569.812,271560.938,420103.875,2008-Mar-26/09:36:00.025,11.250,33.750,56.250,78.750,101.250,123.750,146.250,168.750
2008-Mar-26/09:37:36.177,482233.000,252381.125,177621.484,153884.234,157646.891,179386.922,263432.906,399367.375,2008-Mar-26/09:37:36.177,11.250,33.750,56.250,78.750,101.250,123.750,146.250,168.750
2008-Mar-26/09:39:12.329,521260.656,337477.688,216933.109,194872.266,199159.938,264245.094,358466.656,510330.000,2008-Mar-26/09:39:12.329,11.250,33.750,56.250,78.750,101.250,123.750,146.250,168.750
2008-Mar-26/09:40:48.481,574479.688,294198.156,161176.141,154387.891,148416.922,180815.547,304387.156,505632.469,2008-Mar-26/09:40:48.481,11.250,33.750,56.250,78.750,101.250,123.750,146.250,168.750
2008-Mar-26/09:42:24.633,567921.125,239339.188,116797.938,121497.789,121334.789,155102.078,260714.484,428342.844,2008-Mar-26/09:42:24.633,11.250,33.750,56.250,78.750,101.250,123.750,146.250,168.750
2008-Mar-26/09:44:00.785,499603.906,239126.609,110402.352,96713.812,91456.469,129507.555,220690.125,397616.719,2008-Mar-26/09:44:00.785,11.250,33.750,56.250,78.750,101.250,123.750,146.250,168.750
2008-Mar-26/09:45:36.938,509920.844,281553.438,166198.531,120990.852,125091.688,175389.125,280745.281,508283.219,2008-Mar-26/09:45:36.938,11.250,33.750,56.250,78.750,101.250,123.750,146.250,168.750
2008-Mar-26/09:47:13.090,579057.938,280301.562,121044.844,107298.688,105301.820,143471.203,273955.031,477627.156,2008-Mar-26/09:47:13.090,11.250,33.750,56.250,78.750,101.250,123.750,146.250,168.750
2008-Mar-26/09:48:49.242,577527.688,271906.031,117483.500,80106.492,76546.227,114470.656,262862.125,423387.625,2008-Mar-26/09:48:49.242,11.250,33.750,56.250,78.750,101.250,123.750,146.250,168.750
2008-Mar-26/09:50:25.394,538916.125,283545.656,133012.797,109692.070,113271.742,157264.656,290718.844,457766.875,2008-Mar-26/09:50:25.394,11.250,33.750,56.250,78.750,101.250,123.750,146.250,168.750
2008-Mar-26/09:52:01.546,545847.750,281688.344,147047.000,116761.594,122750.562,196614.391,276035.562,486323.531,2008-Mar-26/09:52:01.546,11.250,33.750,56.250,78.750,101.250,123.750,146.250,168.750
2008-Mar-26/09:53:37.698,518629.531,264124.781,147076.875,124223.492,130333.477,172188.688,270255.031,487383.219,2008-Mar-26/09:53:37.698,11.250,33.750,56.250,78.750,101.250,123.750,146.250,168.750
2008-Mar-26/09:55:13.850,507869.031,263844.031,128678.789,87171.266,94119.125,150164.750,273901.719,423229.594,2008-Mar-26/09:55:13.850,11.250,33.750,56.250,78.750,101.250,123.750,146.250,168.750
2008-Mar-26/09:56:50.002,507640.156,253611.500,155529.078,92399.461,94353.773,160771.984,251660.266,437977.719,2008-Mar-26/09:56:50.002,11.250,33.750,56.250,78.750,101.250,123.750,146.250,168.750
2008-Mar-26/09:58:26.154,535790.812,257227.297,152317.344,95262.156,99480.008,159307.516,265457.031,493937.344,2008-Mar-26/09:58:26.154,11.250,33.750,56.250,78.750,101.250,123.750,146.250,168.750
2008-Mar-26/10:00:02.306,523588.844,241814.078,142891.344,92967.539,96903.977,134277.672,252374.391,475086.969,2008-Mar-26/10:00:02.306,11.250,33.750,56.250,78.750,101.250,123.750,146.250,168.750
2008-Mar-26/10:01:38.458,535037.438,244892.016,151753.875,95197.023,99801.719,145971.484,248131.250,464559.469,2008-Mar-26/10:01:38.458,11.250,33.750,56.250,78.750,101.250,123.750,146.250,168.750
2008-Mar-26/10:03:14.610,543625.062,255888.312,147452.562,101719.289,103806.398,181193.422,270219.656,497042.281,2008-Mar-26/10:03:14.610,11.250,33.750,56.250,78.750,101.250,123.750,146.250,168.750
2008-Mar-26/10:04:50.762,515070.500,232902.438,123055.477,79999.805,83791.148,141415.797,227688.047,464205.469,2008-Mar-26/10:04:50.762,11.250,33.750,56.250,78.750,101.250,123.750,146.250,168.750
2008-Mar-26/10:06:26.914,525235.750,242517.578,98952.633,82402.320,80771.570,135186.672,253505.641,439892.031,2008-Mar-26/10:06:26.914,11.250,33.750,56.250,78.750,101.250,123.750,146.250,168.750
2008-Mar-26/10:08:03.067,540550.875,250213.953,105817.695,73907.852,71196.070,125424.844,241711.172,480535.906,2008-Mar-26/10:08:03.067,11.250,33.750,56.250,78.750,101.250,123.750,146.250,168.750
2008-Mar-26/10:09:39.219,493121.250,231890.438,131034.469,82242.961,88189.289,132215.984,232370.234,466956.281,2008-Mar-26/10:09:39.219,11.250,33.750,56.250,78.750,101.250,123.750,146.250,168.750
2008-Mar-26/10:11:15.371,546130.375,219548.125,109265.250,68127.117,65603.789,120145.312,228313.438,463947.156,2008-Mar-26/10:11:15.371,11.250,33.750,56.250,78.750,101.250,123.750,146.250,168.750
2008-Mar-26/10:12:51.523,546602.188,235577.266,108947.719,70309.852,69064.648,119240.008,218872.016,441867.125,2008-Mar-26/10:12:51.523,11.250,33.750,56.250,78.750,101.250,123.750,146.250,168.750
2008-Mar-26/10:14:27.675,599594.125,255598.203,101709.000,69670.820,74544.312,126834.523,241027.703,508489.656,2008-Mar-26/10:14:27.675,11.250,33.750,56.250,78.750,101.250,123.750,146.250,168.750
2008-Mar-26/10:16:03.827,581515.562,251989.625,116045.500,65237.859,64815.324,126489.383,247658.312,499617.281,2008-Mar-26/10:16:03.827,11.250,33.750,56.250,78.750,101.250,123.750,146.250,168.750
2008-Mar-26/10:17:39.979,587025.875,259351.109,106677.305,54284.957,56233.613,104025.445,259325.984,456695.250,2008-Mar-26/10:17:39.979,11.250,33.750,56.250,78.750,101.250,123.750,146.250,168.750
2008-Mar-26/10:19:16.131,589502.000,239241.859,94589.656,51885.359,49994.754,96724.117,258234.078,559509.375,2008-Mar-26/10:19:16.131,11.250,33.750,56.250,78.750,101.250,123.750,146.250,168.750
2008-Mar-26/10:20:52.283,598355.062,242670.703,119418.281,52071.969,54801.734,108218.961,253972.891,512404.906,2008-Mar-26/10:20:52.283,11.250,33.750,56.250,78.750,101.250,123.750,146.250,168.750
2008-Mar-26/10:22:28.435,600264.875,250364.250,73307.844,49985.688,54019.340,104417.094,220503.797,497458.875,2008-Mar-26/10:22:28.435,11.250,33.750,56.250,78.750,101.250,123.750,146.250,168.750
2008-Mar-26/10:24:04.587,606471.688,256300.984,96126.930,46730.684,43538.359,121219.492,261046.922,450853.781,2008-Mar-26/10:24:04.587,11.250,33.750,56.250,78.750,101.250,123.750,146.250,168.750
2008-Mar-26/10:25:40.739,622056.312,258475.188,119264.094,44997.660,52984.777,96833.680,239262.547,540697.688,2008-Mar-26/10:25:40.739,11.250,33.750,56.250,78.750,101.250,123.750,146.250,168.750
2008-Mar-26/10:27:16.892,600185.562,236104.266,68147.594,41223.961,40779.992,87626.406,253532.016,498106.656,2008-Mar-26/10:27:16.892,11.250,33.750,56.250,78.750,101.250,123.750,146.250,168.750
2008-Mar-26/10:28:53.044,604703.625,274924.094,67024.367,40144.145,41567.980,91531.258,246733.562,493093.500,2008-Mar-26/10:28:53.044,11.250,33.750,56.250,78.750,101.250,123.750,146.250,168.750
2008-Mar-26/10:30:29.196,581435.250,244369.938,69305.820,40018.848,44266.449,84717.453,254490.859,510438.375,2008-Mar-26/10:30:29.196,11.250,33.750,56.250,78.750,101.250,123.750,146.250,168.750
2008-Mar-26/10:32:05.348,610420.312,248811.938,86299.445,35401.770,40514.734,80804.617,236976.812,523128.156,2008-Mar-26/10:32:05.348,11.250,33.750,56.250,78.750,101.250,123.750,146.250,168.750
2008-Mar-26/10:33:41.500,551443.250,256227.750,65014.223,31342.479,30975.795,84842.422,237514.312,487196.031,2008-Mar-26/10:33:41.500,11.250,33.750,56.250,78.750,101.250,123.750,146.250,168.750
2008-Mar-26/10:35:17.652,555663.000,262855.875,114305.914,31177.947,32820.520,106589.000,251712.438,499850.656,2008-Mar-26/10:35:17.652,11.250,33.750,56.250,78.750,101.250,123.750,146.250,168.750
2008-Mar-26/10:36:53.804,590450.438,247362.797,62164.910,28657.611,27284.914,120765.867,257826.938,531682.500,2008-Mar-26/10:36:53.804,11.250,33.750,56.250,78.750,101.250,123.750,146.250,168.750
2008-Mar-26/10:38:29.956,544963.000,245408.734,82397.664,37210.137,39445.223,111820.273,235138.797,448892.500,2008-Mar-26/10:38:29.956,11.250,33.750,56.250,78.750,101.250,123.750,146.250,168.750
2008-Mar-26/10:40:06.108,531923.375,249370.375,80536.430,37577.254,36312.125,116900.648,243725.172,437707.844,2008-Mar-26/10:40:06.108,11.250,33.750,56.250,78.750,101.250,123.750,146.250,168.750
2008-Mar-26/10:41:42.260,576672.625,241859.422,70812.070,27257.195,27723.912,76270.750,228180.422,457319.219,2008-Mar-26/10:41:42.260,11.250,33.750,56.250,78.750,101.250,123.750,146.250,168.750
2008-Mar-26/10:43:18.412,552002.625,230444.641,62561.957,23561.127,23596.367,97218.844,223920.297,494959.969,2008-Mar-26/10:43:18.412,11.250,33.750,56.250,78.750,101.250,123.750,146.250,168.750
2008-Mar-26/10:44:54.565,478076.469,231732.422,71309.055,25206.736,30343.006,102950.469,235459.672,422142.344,2008-Mar-26/10:44:54.565,11.250,33.750,56.250,78.750,101.250,123.750,146.250,168.750
2008-Mar-26/10:46:30.717,463754.500,222199.688,98150.281,36858.121,33300.410,89595.969,202625.578,373258.406,2008-Mar-26/10:46:30.717,11.250,33.750,56.250,78.750,101.250,123.750,146.250,168.750
2008-Mar-26/10:48:06.869,463847.219,233196.766,108673.352,37548.535,41340.949,128904.969,217854.625,402731.000,2008-Mar-26/10:48:06.869,11.250,33.750,56.250,78.750,101.250,123.750,146.250,168.750
2008-Mar-26/10:49:43.021,457634.344,215829.875,68682.672,29725.049,27817.266,100220.945,201354.672,428031.344,2008-Mar-26/10:49:43.021,11.250,33.750,56.250,78.750,101.250,123.750,146.250,168.750
2008-Mar-26/10:51:19.173,401288.281,208291.703,79323.492,33952.453,30284.404,93127.070,208896.672,354758.875,2008-Mar-26/10:51:19.173,11.250,33.750,56.250,78.750,101.250,123.750,146.250,168.750
2008-Mar-26/10:52:55.325,367458.094,210135.859,99357.031,36321.340,32872.051,92231.375,195087.500,371030.625,2008-Mar-26/10:52:55.325,11.250,33.750,56.250,78.750,101.250,123.750,146.250,168.750
2008-Mar-26/10:54:31.477,380390.594,207932.000,109522.898,51080.199,49155.152,130223.812,193691.062,332901.594,2008-Mar-26/10:54:31.477,11.250,33.750,56.250,78.750,101.250,123.750,146.250,168.750
2008-Mar-26/10:56:07.629,383561.844,199124.125,89494.617,29452.670,32580.217,107387.125,188644.172,345147.781,2008-Mar-26/10:56:07.629,11.250,33.750,56.250,78.750,101.250,123.750,146.250,168.750
2008-Mar-26/10:57:43.782,327697.344,189719.625,104365.945,55875.500,47927.270,105864.195,177602.172,295600.125,2008-Mar-26/10:57:43.782,11.250,33.750,56.250,78.750,101.250,123.750,146.250,168.750
2008-Mar-26/10:59:19.934,317631.125,184980.641,86882.555,45050.535,40900.465,86463.797,162226.344,265531.969,2008-Mar-26/10:59:19.934,11.250,33.750,56.250,78.750,101.250,123.750,146.250,168.750
2008-Mar-26/11:00:56.086,299511.188,168875.125,96364.031,48011.848,46263.504,105944.781,160445.078,253100.828,2008-Mar-26/11:00:56.086,11.250,33.750,56.250,78.750,101.250,123.750,146.250,168.750
2008-Mar-26/11:02:32.238,86209.875,90729.102,95095.906,97040.805,94167.805,98354.555,101441.586,106197.062,2008-Mar-26/11:02:32.238,11.250,33.750,56.250,78.750,101.250,123.750,146.250,168.750
2008-Mar-26/11:04:08.390,91609.156,100556.086,101985.062,104709.367,103348.992,105380.414,102558.656,92419.969,2008-Mar-26/11:04:08.390,11.250,33.750,56.250,78.750,101.250,123.750,146.250,168.750
2008-Mar-26/11:05:44.542,80833.266,81510.703,87662.438,89513.688,87234.477,81221.016,80560.242,75611.258,2008-Mar-26/11:05:44.542,11.250,33.750,56.250,78.750,101.250,123.750,146.250,168.750
2008-Mar-26/11:07:20.694,69163.734,73401.172,74318.695,73969.844,73819.344,74906.727,75002.977,74111.039,2008-Mar-26/11:07:20.694,11.250,33.750,56.250,78.750,101.250,123.750,146.250,168.750
2008-Mar-26/11:08:56.846,54105.559,58382.219,58001.488,59077.035,65026.172,62558.441,63837.574,69233.094,2008-Mar-26/11:08:56.846,11.250,33.750,56.250,78.750,101.250,123.750,146.250,168.750
2008-Mar-26/11:10:32.999,55684.730,53524.203,59016.656,58138.387,58919.395,57173.051,52876.043,57016.527,2008-Mar-26/11:10:32.999,11.250,33.750,56.250,78.750,101.250,123.750,146.250,168.750
2008-Mar-26/11:12:09.151,57430.891,53132.031,50705.605,50485.902,50862.418,53930.301,52962.402,56451.332,2008-Mar-26/11:12:09.151,11.250,33.750,56.250,78.750,101.250,123.750,146.250,168.750
2008-Mar-26/11:13:45.303,38935.676,45095.797,45337.652,46964.453,45571.770,49867.488,46037.641,44084.215,2008-Mar-26/11:13:45.303,11.250,33.750,56.250,78.750,101.250,123.750,146.250,168.750
2008-Mar-26/11:15:21.455,25601.963,29872.430,29356.686,28937.922,25213.682,25702.000,28953.711,26550.639,2008-Mar-26/11:15:21.455,11.250,33.750,56.250,78.750,101.250,123.750,146.250,168.750
2008-Mar-26/11:16:57.607,26812.021,24519.492,23545.611,22614.857,21775.682,21312.471,25341.375,23369.154,2008-Mar-26/11:16:57.607,11.250,33.750,56.250,78.750,101.250,123.750,146.250,168.750
2008-Mar-26/11:18:33.759,8773.690,8916.071,9747.267,9501.162,11380.804,11084.989,9069.173,7290.353,2008-Mar-26/11:18:33.759,11.250,33.750,56.250,78.750,101.250,123.750,146.250,168.750
2008-Mar-26/11:20:09.911,7511.529,7063.522,7118.064,5663.378,7363.417,7037.178,7636.164,7368.281,2008-Mar-26/11:20:09.911,11.250,33.750,56.250,78.750,101.250,123.750,146.250,168.750
2008-Mar-26/11:21:46.064,407.136,609.092,972.686,778.643,1607.105,1563.336,1556.616,1347.480,2008-Mar-26/11:21:46.064,11.250,33.750,56.250,78.750,101.250,123.750,146.250,168.750
2008-Mar-26/11:23:22.216,0.000,302.295,1100.636,419.358,171.329,153.380,31.517,0.000,2008-Mar-26/11:23:22.216,11.250,33.750,56.250,78.750,101.250,123.750,146.250,168.750
2008-Mar-26/11:24:58.368,775.947,677.254,121.468,223.471,166.432,47.756,165.936,-0.000,2008-Mar-26/11:24:58.368,11.250,33.750,56.250,78.750,101.250,123.750,146.250,168.750
2008-Mar-26/11:26:34.520,0.000,0.000,36.367,181.039,405.119,78.014,-0.000,-0.000,2008-Mar-26/11:26:34.520,11.250,33.750,56.250,78.750,101.250,123.750,146.250,168.750
2008-Mar-26/11:28:10.672,219.585,181.661,26.398,14.114,249.363,257.382,367.397,518.663,2008-Mar-26/11:28:10.672,11.250,33.750,56.250,78.750,101.250,123.750,146.250,168.750
2008-Mar-26/11:29:46.824,189.206,112.853,46.369,47.302,49.031,98.061,0.000,0.000,2008-Mar-26/11:29:46.824,11.250,33.750,56.250,78.750,101.250,123.750,146.250,168.750
2008-Mar-26/11:31:22.976,0.000,0.000,117.846,316.857,357.688,123.571,211.730,179.144,2008-Mar-26/11:31:22.976,11.250,33.750,56.250,78.750,101.250,123.750,146.250,168.750
2008-Mar-26/11:32:59.129,585.714,229.993,188.801,49.031,223.210,39.876,-0.000,0.000,2008-Mar-26/11:32:59.129,11.250,33.750,56.250,78.750,101.250,123.750,146.250,168.750
2008-Mar-26/11:34:35.281,0.000,80.877,158.755,103.004,0.000,93.169,0.000,0.000,2008-Mar-26/11:34:35.281,11.250,33.750,56.250,78.750,101.250,123.750,146.250,168.750
2008-Mar-26/11:36:11.433,0.000,0.000,33.839,70.206,396.253,146.904,406.095,470.815,2008-Mar-26/11:36:11.433,11.250,33.750,56.250,78.750,101.250,123.750,146.250,168.750
2008-Mar-26/11:37:47.585,0.000,124.138,280.571,125.275,160.390,143.213,387.168,538.060,2008-Mar-26/11:37:47.585,11.250,33.750,56.250,78.750,101.250,123.750,146.250,168.750
2008-Mar-26/11:39:23.737,683.545,621.761,537.917,336.732,494.677,500.789,179.208,173.276,2008-Mar-26/11:39:23.737,11.250,33.750,56.250,78.750,101.250,123.750,146.250,168.750
2008-Mar-26/11:40:59.889,308.591,31.828,197.607,149.778,260.214,367.129,-0.000,0.000,2008-Mar-26/11:40:59.889,11.250,33.750,56.250,78.750,101.250,123.750,146.250,168.750
2008-Mar-26/11:42:36.041,368.056,175.623,315.311,472.251,157.038,85.683,348.745,507.909,2008-Mar-26/11:42:36.041,11.250,33.750,56.250,78.750,101.250,123.750,146.250,168.750
2008-Mar-26/11:44:12.194,0.000,152.308,268.284,468.864,383.029,795.019,120.522,172.905,2008-Mar-26/11:44:12.194,11.250,33.750,56.250,78.750,101.250,123.750,146.250,168.750
2008-Mar-26/11:45:48.346,679.892,1670.400,528.203,691.761,387.373,378.660,142.299,150.642,2008-Mar-26/11:45:48.346,11.250,33.750,56.250,78.750,101.250,123.750,146.250,168.750
2008-Mar-26/11:47:24.498,2361.290,3598.318,2022.220,2244.401,2606.345,2488.335,2750.744,2536.689,2008-Mar-26/11:47:24.498,11.250,33.750,56.250,78.750,101.250,123.750,146.250,168.750
2008-Mar-26/11:49:00.650,34174.789,28761.951,27831.732,28579.984,29163.564,32320.016,31236.344,31061.018,2008-Mar-26/11:49:00.650,11.250,33.750,56.250,78.750,101.250,123.750,146.250,168.750
2008-Mar-26/11:50:36.802,35379.691,26970.859,28773.279,29680.037,30333.029,30361.123,30729.846,31359.406,2008-Mar-26/11:50:36.802,11.250,33.750,56.250,78.750,101.250,123.750,146.250,168.750
2008-Mar-26/11:52:12.954,64267.113,60931.219,60312.828,59527.641,61215.172,62709.453,68548.242,63779.254,2008-Mar-26/11:52:12.954,11.250,33.750,56.250,78.750,101.250,123.750,146.250,168.750
2008-Mar-26/11:53:49.107,38488.105,45253.777,48380.379,54104.348,51183.938,52961.348,52104.965,54397.504,2008-Mar-26/11:53:49.107,11.250,33.750,56.250,78.750,101.250,123.750,146.250,168.750
2008-Mar-26/11:55:25.259,107585.180,125326.930,126655.117,127687.430,126555.727,133822.938,135687.844,123344.344,2008-Mar-26/11:55:25.259,11.250,33.750,56.250,78.750,101.250,123.750,146.250,168.750
2008-Mar-26/11:57:01.411,2621437.250,2812815.750,2805141.750,2833517.750,2946784.000,3065025.750,3221642.250,3035817.750,2008-Mar-26/11:57:01.411,11.250,33.750,56.250,78.750,101.250,123.750,146.250,168.750
2008-Mar-26/11:58:37.563,3293624.000,3335177.000,3440795.000,3578292.000,3657073.250,3703191.250,3767160.000,3757818.250,2008-Mar-26/11:58:37.563,11.250,33.750,56.250,78.750,101.250,123.750,146.250,168.750
2008-Mar-26/12:00:13.715,3537679.000,4077234.250,4655094.500,5071713.500,5140877.500,4795688.500,4555431.500,4118804.000,2008-Mar-26/12:00:13.715,11.250,33.750,56.250,78.750,101.250,123.750,146.250,168.750
2008-Mar-26/12:01:49.867,3875818.000,4189079.750,4105298.000,4104121.750,4197489.500,4260522.000,4562853.500,4401633.000,2008-Mar-26/12:01:49.867,11.250,33.750,56.250,78.750,101.250,123.750,146.250,168.750
2008-Mar-26/12:03:26.020,3684549.250,4029681.750,3937944.000,3870548.750,3968942.000,4083625.250,4434202.000,4348620.500,2008-Mar-26/12:03:26.020,11.250,33.750,56.250,78.750,101.250,123.750,146.250,168.750
2008-Mar-26/12:05:02.172,3778639.000,4012486.750,3939211.000,4027067.750,4063991.750,4073568.750,4350795.500,4169728.750,2008-Mar-26/12:05:02.172,11.250,33.750,56.250,78.750,101.250,123.750,146.250,168.750
2008-Mar-26/12:06:38.324,3340023.750,3690762.750,3667924.250,3574463.750,3681824.000,3839045.250,4138888.250,3924458.000,2008-Mar-26/12:06:38.324,11.250,33.750,56.250,78.750,101.250,123.750,146.250,168.750
2008-Mar-26/12:08:14.476,3099939.750,3678735.000,3757126.750,3698073.750,3785254.000,3907402.000,4173939.250,3731708.250,2008-Mar-26/12:08:14.476,11.250,33.750,56.250,78.750,101.250,123.750,146.250,168.750
2008-Mar-26/12:09:50.628,3774107.250,4001058.250,3727265.250,3760179.750,3862080.250,3931188.000,4454860.000,4285095.000,2008-Mar-26/12:09:50.628,11.250,33.750,56.250,78.750,101.250,123.750,146.250,168.750
2008-Mar-26/12:11:26.780,3547169.250,4301755.500,4430434.500,4438174.500,4537709.500,4567695.500,4706415.500,4240990.500,2008-Mar-26/12:11:26.780,11.250,33.750,56.250,78.750,101.250,123.750,146.250,168.750
2008-Mar-26/12:13:02.933,3154328.250,4089691.250,4656092.500,4612146.500,4758861.000,4856479.500,4586364.000,3969121.000,2008-Mar-26/12:13:02.933,11.250,33.750,56.250,78.750,101.250,123.750,146.250,168.750
2008-Mar-26/12:14:39.085,2728037.500,3401875.750,4174174.000,4226704.500,4358337.500,4338364.500,3954675.000,3371470.250,2008-Mar-26/12:14:39.085,11.250,33.750,56.250,78.750,101.250,123.750,146.250,168.750
2008-Mar-26/12:16:15.237,2550994.750,3403816.000,3980346.750,3913096.750,4022315.000,4154132.750,3828629.750,3245005.250,2008-Mar-26/12:16:15.237,11.250,33.750,56.250,78.750,101.250,123.750,146.250,168.750
2008-Mar-26/12:17:51.389,2662255.750,3223393.000,3626159.750,3444882.750,3577052.750,3807403.000,3714557.000,3235132.750,2008-Mar-26/12:17:51.389,11.250,33.750,56.250,78.750,101.250,123.750,146.250,168.750
2008-Mar-26/12:19:27.541,2931351.750,3537922.000,4023706.750,4039190.250,4136766.750,4195826.500,4023754.250,3600735.250,2008-Mar-26/12:19:27.541,11.250,33.750,56.250,78.750,101.250,123.750,146.250,168.750
2008-Mar-26/12:21:03.694,3097359.250,3644147.250,4017880.250,4124242.750,4256457.500,4197836.000,4052722.750,3665428.750,2008-Mar-26/12:21:03.694,11.250,33.750,56.250,78.750,101.250,123.750,146.250,168.750
2008-Mar-26/12:22:39.844,3162420.250,3826804.000,4071647.250,4151482.750,4273888.500,4279194.000,4380045.500,4114334.250,2008-Mar-26/12:22:39.844,11.250,33.750,56.250,78.750,101.250,123.750,146.250,168.750
2008-Mar-26/12:24:15.986,2528152.750,3144195.000,3245803.750,3255406.750,3315987.250,3413879.750,3365730.750,2957622.000,2008-Mar-26/12:24:15.986,11.250,33.750,56.250,78.750,101.250,123.750,146.250,168.750
2008-Mar-26/12:25:52.118,2329162.000,3224992.250,3485411.000,3397983.000,3454130.000,3544509.250,3582077.250,2784260.250,2008-Mar-26/12:25:52.118,11.250,33.750,56.250,78.750,101.250,123.750,146.250,168.750
2008-Mar-26/12:27:28.240,2135499.000,3286839.250,3584578.250,3510817.000,3538985.000,3678502.000,3597414.250,2680609.500,2008-Mar-26/12:27:28.240,11.250,33.750,56.250,78.750,101.250,123.750,146.250,168.750
2008-Mar-26/12:29:04.353,2531745.250,3175740.000,3488039.250,3515737.750,3620914.000,3705846.750,3766443.250,3045580.750,2008-Mar-26/12:29:04.353,11.250,33.750,56.250,78.750,101.250,123.750,146.250,168.750
2008-Mar-26/12:30:40.456,2528119.000,3234837.000,3578829.000,3436710.750,3565966.000,3954580.000,4016929.250,3006008.000,2008-Mar-26/12:30:40.456,11.250,33.750,56.250,78.750,101.250,123.750,146.250,168.750
2008-Mar-26/12:32:16.552,2717605.750,3292419.250,3509939.000,3609615.250,3659365.750,3777592.750,3716784.000,3048557.750,2008-Mar-26/12:32:16.552,11.250,33.750,56.250,78.750,101.250,123.750,146.250,168.750
2008-Mar-26/12:33:52.639,3312676.000,3463607.000,3587371.000,3704047.750,3731891.250,3715715.250,3533482.250,3200922.750,2008-Mar-26/12:33:52.639,11.250,33.750,56.250,78.750,101.250,123.750,146.250,168.750
2008-Mar-26/12:35:28.718,3116683.000,3169629.750,3308634.250,3442293.000,3515358.000,3426303.750,3394892.750,2898388.250,2008-Mar-26/12:35:28.718,11.250,33.750,56.250,78.750,101.250,123.750,146.250,168.750
2008-Mar-26/12:37:04.789,2226386.750,2474103.250,2766154.500,3071522.000,3111928.750,2945592.250,2635528.750,2300312.750,2008-Mar-26/12:37:04.789,11.250,33.750,56.250,78.750,101.250,123.750,146.250,168.750
2008-Mar-26/12:38:40.853,2410345.750,3061085.000,3226262.750,3472858.000,3574962.750,3440073.250,3275779.250,2667749.750,2008-Mar-26/12:38:40.853,11.250,33.750,56.250,78.750,101.250,123.750,146.250,168.750
2008-Mar-26/12:40:19.911,2350248.250,2853722.000,3242128.000,3457754.750,3510912.750,3388188.000,3135450.000,2632079.500,2008-Mar-26/12:40:19.911,11.250,33.750,56.250,78.750,101.250,123.750,146.250,168.750
2008-Mar-26/12:41:55.960,2453933.250,3060365.750,3296128.750,3541088.000,3621564.000,3541840.000,3403634.750,2915507.000,2008-Mar-26/12:41:55.960,11.250,33.750,56.250,78.750,101.250,123.750,146.250,168.750
2008-Mar-26/12:43:32.002,2566631.250,2761174.500,3029512.250,3194846.250,3242947.750,3157477.000,3002291.000,2870733.750,2008-Mar-26/12:43:32.002,11.250,33.750,56.250,78.750,101.250,123.750,146.250,168.750
2008-Mar-26/12:45:08.038,2611618.250,2680627.500,2896904.000,3132628.750,3208430.750,3182154.250,2994358.000,2944887.250,2008-Mar-26/12:45:08.038,11.250,33.750,56.250,78.750,101.250,123.750,146.250,168.750
2008-Mar-26/12:46:44.067,2310091.000,2742696.000,2986524.750,3245943.000,3336015.750,3204409.250,3032583.250,2825396.000,2008-Mar-26/12:46:44.067,11.250,33.750,56.250,78.750,101.250,123.750,146.250,168.750
2008-Mar-26/12:48:20.091,2560134.250,2918409.000,3392396.750,3644591.250,3728230.000,3582490.250,3103923.750,2814657.250,2008-Mar-26/12:48:20.091,11.250,33.750,56.250,78.750,101.250,123.750,146.250,168.750
2008-Mar-26/12:49:56.114,2408005.750,2900486.000,3193433.750,3366378.750,3419677.000,3324325.250,3189512.000,2792682.250,2008-Mar-26/12:49:56.114,11.250,33.750,56.250,78.750,101.250,123.750,146.250,168.750
2008-Mar-26/12:51:32.138,2231380.750,2765955.750,3094577.750,3233929.000,3353723.750,3352519.250,3178957.000,2606104.750,2008-Mar-26/12:51:32.138,11.250,33.750,56.250,78.750,101.250,123.750,146.250,168.750
2008-Mar-26/12:53:08.160,2448410.250,2650977.250,2799036.250,2826063.750,2899403.250,2909755.250,2796345.000,2381953.250,2008-Mar-26/12:53:08.160,11.250,33.750,56.250,78.750,101.250,123.750,146.250,168.750
2008-Mar-26/12:54:44.177,2837255.750,2900807.000,3144274.250,3342475.000,3399129.750,3248302.750,3041654.000,2793266.750,2008-Mar-26/12:54:44.177,11.250,33.750,56.250,78.750,101.250,123.750,146.250,168.750
2008-Mar-26/12:56:20.187,2331504.500,2777021.500,3006918.750,3170370.000,3216378.750,3185351.250,3073083.000,2720008.000,2008-Mar-26/12:56:20.187,11.250,33.750,56.250,78.750,101.250,123.750,146.250,168.750
2008-Mar-26/12:57:56.190,2561668.250,2888850.250,3244609.750,3426272.250,3471796.000,3489355.000,3218258.250,2925723.250,2008-Mar-26/12:57:56.190,11.250,33.750,56.250,78.750,101.250,123.750,146.250,168.750
2008-Mar-26/12:59:35.187,2158204.250,2557538.250,2811297.250,2934565.250,2962648.250,2963853.750,2800125.000,2433188.500,2008-Mar-26/12:59:35.187,11.250,33.750,56.250,78.750,101.250,123.750,146.250,168.750
